INSERT INTO upazilas (english, bangla, eng_district, ban_district, district_id) VALUES 
-- -------- Dhaka------------
('Dhamrai', 'ধামরাই', 'Dhaka', 'ঢাকা', 1), 
('Dohar', 'দোহার', 'Dhaka', 'ঢাকা', 1),
('Keraniganj', 'কেরানীগঞ্জ', 'Dhaka', 'ঢাকা', 1),
('Nawabganj', 'নবাবগঞ্জ', 'Dhaka', 'ঢাকা', 1),
('Savar', 'সাভার', 'Dhaka', 'ঢাকা', 1),

-- --------------Faridpur--------------------
('Alfadanga', 'আলফাডাঙ্গা', 'Faridpur', 'ফরিদপুর', 2),
('Bhanga', 'ভাঙ্গা', 'Faridpur', 'ফরিদপুর', 2),
('Boalmari', 'বোয়ালমারী', 'Faridpur', 'ফরিদপুর', 2),
('Charbhadrasan', 'চরভদ্রাসন', 'Faridpur', 'ফরিদপুর', 2),
('Faridpur Sadar', 'ফরিদপুর সদর', 'Faridpur', 'ফরিদপুর', 2),
('Madhukhali', 'মধুখালী', 'Faridpur', 'ফরিদপুর', 2),
('Nagarkanda', 'নগরকান্দা', 'Faridpur', 'ফরিদপুর', 2),
('Sadarpur', 'সদরপুর', 'Faridpur', 'ফরিদপুর', 2),
('Saltha', 'সালথা', 'Faridpur', 'ফরিদপুর', 2),

-- ---------------Gazipur-------------------
('Gazipur Sadar', 'গাজীপুর সদর', 'Gazipur', 'গাজীপুর', 3),
('Kaliakoir', 'কালিয়াকৈর', 'Gazipur', 'গাজীপুর', 3),
('Kaliganj', 'কালীগঞ্জ', 'Gazipur', 'গাজীপুর', 3),
('Kapasia', 'কাপাসিয়া', 'Gazipur', 'গাজীপুর', 3),
('Sreepur', 'শ্রীপুর', 'Gazipur', 'গাজীপুর', 3),

-- -------------Gopalganj---------------------
('Gopalganj Sadar', 'গোপালগঞ্জ সদর', 'Gopalganj', 'গোপালগঞ্জ', 4),
('Kasiani', 'কাশিয়ানী', 'Gopalganj', 'গোপালগঞ্জ', 4),
('Kotwalipara', 'কোটালিপাড়া', 'Gopalganj', 'গোপালগঞ্জ', 4),
('Muksudpur', 'মুকসুদপুর', 'Gopalganj', 'গোপালগঞ্জ', 4),
('Tungipara', 'টুঙ্গিপাড়া', 'Gopalganj', 'গোপালগঞ্জ', 4),

-- -------------Kishoreganj---------------------
('Austagram', 'অষ্টগ্রাম', 'Kishoreganj', 'কিশোরগঞ্জ', 5),
('Bajitpur', 'বাজিতপুর', 'Kishoreganj', 'কিশোরগঞ্জ', 5),
('Bhairab', 'ভৈরব', 'Kishoreganj', 'কিশোরগঞ্জ', 5),
('Hossainpur', 'হোসেনপুর', 'Kishoreganj', 'কিশোরগঞ্জ', 5),
('Itna', 'ইটনা', 'Kishoreganj', 'কিশোরগঞ্জ', 5),
('Karimganj', 'করিমগঞ্জ', 'Kishoreganj', 'কিশোরগঞ্জ', 5),
('Katiadi', 'কটিয়াদী', 'Kishoreganj', 'কিশোরগঞ্জ', 5),
('Kishoreganj Sadar', 'কিশোরগঞ্জ সদর', 'Kishoreganj', 'কিশোরগঞ্জ', 5),
('Kuliarchar', 'কুলিয়ারচর', 'Kishoreganj', 'কিশোরগঞ্জ', 5),
('Mithamoin', 'মিঠামইন', 'Kishoreganj', 'কিশোরগঞ্জ', 5),
('Nikli', 'নিকলী', 'Kishoreganj', 'কিশোরগঞ্জ', 5),
('Pakundia', 'পাকুন্দিয়া', 'Kishoreganj', 'কিশোরগঞ্জ', 5),
('Tarail', 'তাড়াইল', 'Kishoreganj', 'কিশোরগঞ্জ', 5),

-- --------Madaripur--------------------
('Dasar', 'ডাসার', 'Madaripur', 'মাদারীপুর', 6),
('Kalkini', 'কালকিনি', 'Madaripur', 'মাদারীপুর', 6),
('Madaripur Sadar', 'মাদারীপুর সদর', 'Madaripur', 'মাদারীপুর', 6),
('Rajoir', 'রাজৈর', 'Madaripur', 'মাদারীপুর', 6),
('Shibchar', 'শিবচর', 'Madaripur', 'মাদারীপুর', 6),

-- -----------Manikganj-----------------------
('Daulatpur', 'দৌলতপুর', 'Manikganj', 'মানিকগঞ্জ', 7),
('Ghior', 'ঘিওর', 'Manikganj', 'মানিকগঞ্জ', 7),
('Harirampur', 'হরিরামপুর', 'Manikganj', 'মানিকগঞ্জ', 7),
('Manikganj Sadar', 'মানিকগঞ্জ সদর', 'Manikganj', 'মানিকগঞ্জ', 7),
('Saturia', 'সাটুরিয়া', 'Manikganj', 'মানিকগঞ্জ', 7),
('Shivalaya', 'শিবালয়', 'Manikganj', 'মানিকগঞ্জ', 7),
('Singair', 'সিংগাইর', 'Manikganj', 'মানিকগঞ্জ', 7),

-- -----------Munshiganj-----------------------
('Gazaria', 'গজারিয়া', 'Munshiganj', 'মুন্সিগঞ্জ', 8),
('Lauhajong', 'লৌহজং', 'Munshiganj', 'মুন্সিগঞ্জ', 8), 
('Munshiganj Sadar', 'মুন্সিগঞ্জ সদর', 'Munshiganj', 'মুন্সিগঞ্জ', 8),
('Sirajdikhan', 'সিরাজদিখান', 'Munshiganj', 'মুন্সিগঞ্জ', 8),
('Sreenagar', 'শ্রীনগর', 'Munshiganj', 'মুন্সিগঞ্জ', 8),
('Tongibari', 'টংগীবাড়ি', 'Munshiganj', 'মুন্সিগঞ্জ', 8), 

-- ------------Narayanganj----------------------
('Araihazar', 'আড়াইহাজার', 'Narayanganj', 'নারায়ণগঞ্জ', 9),
('Bandar', 'বন্দর', 'Narayanganj', 'নারায়ণগঞ্জ', 9),
('Narayanganj Sadar', 'নারায়ণগঞ্জ সদর', 'Narayanganj', 'নারায়ণগঞ্জ', 9),
('Rupganj', 'রূপগঞ্জ', 'Narayanganj', 'নারায়ণগঞ্জ', 9),
('Sonargaon', 'সোনারগাঁও', 'Narayanganj', 'নারায়ণগঞ্জ', 9),

-- -------------Narsingdi---------------------
('Belabo', 'বেলাবো', 'Narsingdi', 'নরসিংদী', 10),
('Monohardi', 'মনোহরদী', 'Narsingdi', 'নরসিংদী', 10),
('Narsingdi Sadar', 'নরসিংদী সদর', 'Narsingdi', 'নরসিংদী', 10),
('Palash', 'পলাশ', 'Narsingdi', 'নরসিংদী', 10),
('Raipura', 'রায়পুরা', 'Narsingdi', 'নরসিংদী', 10),
('Shibpur', 'শিবপুর', 'Narsingdi', 'নরসিংদী', 10),

-- -------------Rajbari---------------------
('Baliakandi', 'বালিয়াকান্দি', 'Rajbari', 'রাজবাড়ী', 11),
('Goalanda', 'গোয়ালন্দ', 'Rajbari', 'রাজবাড়ী', 11),
('Kalukhali', 'কালুখালী', 'Rajbari', 'রাজবাড়ী', 11),
('Pangsha', 'পাংশা', 'Rajbari', 'রাজবাড়ী', 11),
('Rajbari Sadar', 'রাজবাড়ী সদর', 'Rajbari', 'রাজবাড়ী', 11), 

-- -------------Shariatpur---------------------
('Bhedarganj', 'ভেদরগঞ্জ', 'Shariatpur', 'শরীয়তপুর', 12),
('Damuddya', 'দামুদ্দ্যা', 'Shariatpur', 'শরীয়তপুর', 12),
('Goshairhat', 'গোসাইরহাট', 'Shariatpur', 'শরীয়তপুর', 12),
('Janjira', 'জাজিরা', 'Shariatpur', 'শরীয়তপুর', 12),
('Naria', 'নড়িয়া', 'Shariatpur', 'শরীয়তপুর', 12),
('Shariatpur Sadar', 'শরীয়তপুর সদর', 'Shariatpur', 'শরীয়তপুর', 12),

-- -------------Tangail---------------------
('Basail', 'বাসাইল', 'Tangail', 'টাঙ্গাইল', 13),
('Bhuapur', 'ভুয়াপুর', 'Tangail', 'টাঙ্গাইল', 13),
('Delduar', 'দেলদুয়ার', 'Tangail', 'টাঙ্গাইল', 13),
('Dhanbari', 'ধনবাড়ি', 'Tangail', 'টাঙ্গাইল', 13),
('Ghatail', 'ঘাটাইল', 'Tangail', 'টাঙ্গাইল', 13),
('Gopalpur', 'গোপালপুর', 'Tangail', 'টাঙ্গাইল', 13),
('Kalihati', 'কালিহাতী', 'Tangail', 'টাঙ্গাইল', 13),
('Madhupur', 'মধুপুর', 'Tangail', 'টাঙ্গাইল', 13),
('Mirzapur', 'মির্জাপুর', 'Tangail', 'টাঙ্গাইল', 13),
('Nagarpur', 'নগরপুর', 'Tangail', 'টাঙ্গাইল', 13),
('Shakhipur', 'সখিপুর', 'Tangail', 'টাঙ্গাইল', 13),
('Tangail Sadar', 'টাঙ্গাইল সদর', 'Tangail', 'টাঙ্গাইল', 13);
 





INSERT INTO upazilas (english, bangla, eng_district, ban_district, district_id) VALUES  

-- ----------Brahmanbaria----------------
('Akhaura', 'আখাউড়া', 'Brahmanbaria', 'ব্রাহ্মণবাড়িয়া', 14), 
('Ashuganj', 'আশুগঞ্জ', 'Brahmanbaria', 'ব্রাহ্মণবাড়িয়া', 14), 
('Brahmanbaria Sadar', 'ব্রাহ্মণবাড়িয়া সদর', 'Brahmanbaria', 'ব্রাহ্মণবাড়িয়া', 14), 
('Bancharampur', 'বাঞ্ছারামপুর', 'Brahmanbaria', 'ব্রাহ্মণবাড়িয়া', 14), 
('Bijoynagar', 'বিজয়নগর', 'Brahmanbaria', 'ব্রাহ্মণবাড়িয়া', 14), 
('Kasba', 'কসবা', 'Brahmanbaria', 'ব্রাহ্মণবাড়িয়া', 14), 
('Nabinagar', 'নবীনগর', 'Brahmanbaria', 'ব্রাহ্মণবাড়িয়া', 14), 
('Nasirnagar', 'নাসিরনগর', 'Brahmanbaria', 'ব্রাহ্মণবাড়িয়া', 14), 
('Sarail', 'সরাইল', 'Brahmanbaria', 'ব্রাহ্মণবাড়িয়া', 14), 

-- -------------Bandarban---------------------
('Alikadam', 'আলীকদম', 'Bandarban', 'বান্দরবান', 15),
('Bandarban Sadar', 'বান্দরবান সদর', 'Bandarban', 'বান্দরবান', 15),
('Lama', 'লামা', 'Bandarban', 'বান্দরবান', 15),
('Naikhyongchari', 'নাইক্ষ্যংছড়ি', 'Bandarban', 'বান্দরবান', 15),
('Rowangchari', 'রোয়াংছড়ি', 'Bandarban', 'বান্দরবান', 15),
('Ruma', 'রুমা', 'Bandarban', 'বান্দরবান', 15),
('Thanchi', 'থানচি', 'Bandarban', 'বান্দরবান', 15),

-- -------------Chandpur---------------------
('Chandpur Sadar', 'চাঁদপুর সদর', 'Chandpur', 'চাঁদপুর', 16),
('Faridganj', 'ফরিদগঞ্জ', 'Chandpur', 'চাঁদপুর', 16),
('Haimchar', 'হাইমচর', 'Chandpur', 'চাঁদপুর', 16),
('Haziganj', 'হাজীগঞ্জ', 'Chandpur', 'চাঁদপুর', 16),
('Kachua', 'কচুয়া', 'Chandpur', 'চাঁদপুর', 16),
('Matlab (Dakshin)', 'মতলব দক্ষিণ', 'Chandpur', 'চাঁদপুর', 16),
('Matlab (Uttar)', 'মতলব উত্তর', 'Chandpur', 'চাঁদপুর', 16),
('Shahrasti', 'শাহরাস্তি', 'Chandpur', 'চাঁদপুর', 16),

-- -------------Chattogram---------------------
('Anwara', 'আনোয়ারা', 'Chattogram', 'চট্টগ্রাম', 17), 
('Banskhali', 'বাঁশখালী', 'Chattogram', 'চট্টগ্রাম', 17), 
('Boalkhali', 'বোয়ালখালী', 'Chattogram', 'চট্টগ্রাম', 17), 
('Chandanish', 'চন্দনাইশ', 'Chattogram', 'চট্টগ্রাম', 17), 
('Fatikchari', 'ফটিকছড়ি', 'Chattogram', 'চট্টগ্রাম', 17), 
('Hathazari', 'হাটহাজারী', 'Chattogram', 'চট্টগ্রাম', 17), 
('Karnaphuli', 'কর্ণফুলী', 'Chattogram', 'চট্টগ্রাম', 17), 
('Lohagara', 'লোহাগাড়া', 'Chattogram', 'চট্টগ্রাম', 17), 
('Mirsharai', 'মীরসরাই', 'Chattogram', 'চট্টগ্রাম', 17), 
('Patiya', 'পটিয়া', 'Chattogram', 'চট্টগ্রাম', 17), 
('Rangunia', 'রাঙ্গুনিয়া', 'Chattogram', 'চট্টগ্রাম', 17), 
('Raojan', 'রাউজান', 'Chattogram', 'চট্টগ্রাম', 17), 
('Sandwip', 'সন্দ্বীপ', 'Chattogram', 'চট্টগ্রাম', 17), 
('Satkania', 'সাতকানিয়া', 'Chattogram', 'চট্টগ্রাম', 17), 
('Sitakunda', 'সীতাকুণ্ড', 'Chattogram', 'চট্টগ্রাম', 17);

-- -----------Cox’s Bazar----------------------- 
('Chakoria', 'চকরিয়া', 'Cox’s Bazar', 'কক্সবাজার', 18),
('Cox’s Bazar Sadar', 'কক্সবাজার সদর', 'Cox’s Bazar', 'কক্সবাজার', 18),
('Eidgaon ', 'ঈদগাঁও', 'Cox’s Bazar', 'কক্সবাজার', 18),
('Kutubdia', 'কুতুবদিয়া', 'Cox’s Bazar', 'কক্সবাজার', 18),
('Maheshkhali', 'মহেশখালী', 'Cox’s Bazar', 'কক্সবাজার', 18),
('Pekua', 'পেকুয়া', 'Cox’s Bazar', 'কক্সবাজার', 18),
('Ramu', 'রামু', 'Cox’s Bazar', 'কক্সবাজার', 18),
('Teknaf', 'টেকনাফ', 'Cox’s Bazar', 'কক্সবাজার', 18),
('Ukhiya', 'উখিয়া', 'Cox’s Bazar', 'কক্সবাজার', 18),

-- -------------Cumilla---------------------
('Barura', 'বরুড়া', 'Cumilla', 'কুমিল্লা', 19),
('Brahmanpara', 'ব্রাহ্মণপাড়া', 'Cumilla', 'কুমিল্লা', 19),
('Burichong', 'বুড়িচং', 'Cumilla', 'কুমিল্লা', 19),
('Chouddagram', 'চৌদ্দগ্রাম', 'Cumilla', 'কুমিল্লা', 19),
('Chandina', 'চান্দিনা', 'Cumilla', 'কুমিল্লা', 19),
('Cumilla Sadar', 'কুমিল্লা সদর', 'Cumilla', 'কুমিল্লা', 19),
('Cumilla Sadar Daksin', 'কুমিল্লা সদর দক্ষিণ', 'Cumilla', 'কুমিল্লা', 19),
('Daudkandi', 'দাউদকান্দি', 'Cumilla', 'কুমিল্লা', 19),
('Debidwar', 'দেবিদ্বার', 'Cumilla', 'কুমিল্লা', 19),
('Homna', 'হোমনা', 'Cumilla', 'কুমিল্লা', 19),
('Laksham', 'লাকসাম', 'Cumilla', 'কুমিল্লা', 19),
('Lalmai', 'লালমাই', 'Cumilla', 'কুমিল্লা', 19),
('Meghna', 'মেঘনা', 'Cumilla', 'কুমিল্লা', 19),
('Monohorganj', 'মনোহরগঞ্জ', 'Cumilla', 'কুমিল্লা', 19),
('Muradnagar', 'মুরাদনগর', 'Cumilla', 'কুমিল্লা', 19),
('Nangalkot', 'নাঙ্গলকোট', 'Cumilla', 'কুমিল্লা', 19),
('Titas', 'তিতাস', 'Cumilla', 'কুমিল্লা', 19), 

-- --------------Feni--------------------
('Chhagalniya', 'ছাগলনাইয়া', 'Feni', 'ফেনী', 20), 
('Daganbhuiyan', 'দাগনভূঞা', 'Feni', 'ফেনী', 20), 
('Feni Sadar', 'ফেনী সদর', 'Feni', 'ফেনী', 20), 
('Fulgazi', 'ফুলগাজী', 'Feni', 'ফেনী', 20), 
('Porshuram', 'পরশুরাম', 'Feni', 'ফেনী', 20), 
('Sonagazi', 'সোনাগাজী', 'Feni', 'ফেনী', 20), 

-- -------------Khagrachari---------------------
('Dighinala', 'দীঘিনালা', 'Khagrachari', 'খাগড়াছড়ি', 21),
('Guimara', 'গুইমারা', 'Khagrachari', 'খাগড়াছড়ি', 21),
('Khagrachari Sadar', 'খাগড়াছড়ি সদর', 'Khagrachari', 'খাগড়াছড়ি', 21),
('Laxmichari', 'লক্ষীছড়ি', 'Khagrachari', 'খাগড়াছড়ি', 21),
('Mahalchari', 'মহালছড়ি', 'Khagrachari', 'খাগড়াছড়ি', 21),
('Manikchari', 'মানিকছড়ি', 'Khagrachari', 'খাগড়াছড়ি', 21),
('Matiranga', 'মাটিরাঙ্গা', 'Khagrachari', 'খাগড়াছড়ি', 21),
('Panchari', 'পানছড়ি', 'Khagrachari', 'খাগড়াছড়ি', 21),
('Ramgarh', 'রামগড়', 'Khagrachari', 'খাগড়াছড়ি', 21),

-- ------------Laxmipur----------------------
('Komol Nagar', 'কমলনগর', 'Laxmipur', 'লক্ষ্মীপুর', 22),
('Laxmipur Sadar', 'লক্ষ্মীপুর সদর', 'Laxmipur', 'লক্ষ্মীপুর', 22),
('Raipur', 'রায়পুর', 'Laxmipur', 'লক্ষ্মীপুর', 22),
('Ramganj', 'রামগঞ্জ', 'Laxmipur', 'লক্ষ্মীপুর', 22),
('Ramgati', 'রামগতি', 'Laxmipur', 'লক্ষ্মীপুর', 22),

-- -------------Noakhali---------------------
('Begumganj', 'বেগমগঞ্জ', 'Noakhali', 'নোয়াখালী', 23),
('Chatkhil', 'চাটখিল', 'Noakhali', 'নোয়াখালী', 23),
('Companiganj', 'কোম্পানীগঞ্জ', 'Noakhali', 'নোয়াখালী', 23),
('Hatiya', 'হাতিয়া', 'Noakhali', 'নোয়াখালী', 23),
('Kabir Hat', 'কবিরহাট', 'Noakhali', 'নোয়াখালী', 23),
('Noakhali Sadar', 'নোয়াখালী সদর', 'Noakhali', 'নোয়াখালী', 23),
('Senbag', 'সেনবাগ', 'Noakhali', 'নোয়াখালী', 23),
('Sonaimuri', 'সোনাইমুড়ি', 'Noakhali', 'নোয়াখালী', 23),
('Subarna Char', 'সুবর্ণচর', 'Noakhali', 'নোয়াখালী', 23),

-- --------------Rangamati--------------------
('Baghaichari', 'বাঘাইছড়ি', 'Rangamati', 'রাঙ্গামাটি', 24),
('Barkal', 'বরকল', 'Rangamati', 'রাঙ্গামাটি', 24),
('Belaichari', 'বিলাইছড়ি', 'Rangamati', 'রাঙ্গামাটি', 24),
('Juraichari', 'জুরাছড়ি', 'Rangamati', 'রাঙ্গামাটি', 24),
('Kaptai', 'কাপ্তাই', 'Rangamati', 'রাঙ্গামাটি', 24),
('Kaukhali', 'কাউখালী', 'Rangamati', 'রাঙ্গামাটি', 24),
('Langadu', 'লংগদু', 'Rangamati', 'রাঙ্গামাটি', 24),
('Nanniarchar', 'নানিয়ারচর', 'Rangamati', 'রাঙ্গামাটি', 24),
('Rajosthali', 'রাজস্থলী', 'Rangamati', 'রাঙ্গামাটি', 24),
('Rangamati Sadar', 'রাঙ্গামাটি সদর', 'Rangamati', 'রাঙ্গামাটি', 24);







INSERT INTO upazilas (english, bangla, eng_district, ban_district, district_id) VALUES  
-- ----------Bagerhat---------------
('Bagerhat Sadar', 'বাগেরহাট সদর', 'Bagerhat', 'বাগেরহাট', 25),
('Chitalmari', 'চিতলমারী', 'Bagerhat', 'বাগেরহাট', 25),
('Fakirhat', 'ফকিরহাট', 'Bagerhat', 'বাগেরহাট', 25),
('Kachua', 'কচুয়া', 'Bagerhat', 'বাগেরহাট', 25),
('Mollahat', 'মোল্লাহাট', 'Bagerhat', 'বাগেরহাট', 25),
('Mongla', 'মোংলা', 'Bagerhat', 'বাগেরহাট', 25),
('Morrelganj', 'মোড়েলগঞ্জ', 'Bagerhat', 'বাগেরহাট', 25),
('Rampal', 'রামপাল', 'Bagerhat', 'বাগেরহাট', 25),
('Sharankhola', 'শরণখোলা', 'Bagerhat', 'বাগেরহাট', 25),

-- ------------Chuadanga---------------------
('Alamdanga', 'আলমডাঙ্গা', 'Chuadanga', 'চুয়াডাঙ্গা', 26), 
('Chuadanga Sadar', 'চুয়াডাঙ্গা সদর', 'Chuadanga', 'চুয়াডাঙ্গা', 26), 
('Damurhuda', 'দামুড়হুদা', 'Chuadanga', 'চুয়াডাঙ্গা', 26), 
('Jibannagar', 'জীবননগর', 'Chuadanga', 'চুয়াডাঙ্গা', 26), 

-- ------------Jashore----------------
('Abhoynagar', 'অভয়নগর', 'Jashore', 'যশোর', 27),
('Bagherpara', 'বাঘারপাড়া', 'Jashore', 'যশোর', 27),
('Chowgacha', 'চৌগাছা', 'Jashore', 'যশোর', 27),
('Jashore Sadar', 'যশোর সদর', 'Jashore', 'যশোর', 27),
('Jhikargacha', 'ঝিকরগাছা', 'Jashore', 'যশোর', 27),
('Keshabpur', 'কেশবপুর', 'Jashore', 'যশোর', 27),
('Monirampur', 'মনিরামপুর', 'Jashore', 'যশোর', 27),
('Sarsha', 'সারসা', 'Jashore', 'যশোর', 27), 

-- ------------Jhenaidah----------------------
('Harinakunda', 'হরিণাকুন্ডু', 'Jhenaidah', 'ঝিনাইদহ', 28),
('Jhenaidah Sadar', 'ঝিনাইদহ সদর', 'Jhenaidah', 'ঝিনাইদহ', 28),
('Kaliganj', 'কালীগঞ্জ', 'Jhenaidah', 'ঝিনাইদহ', 28),
('Kotchandpur', 'কোটচাঁদপুর', 'Jhenaidah', 'ঝিনাইদহ', 28),
('Moheshpur', 'মহেশপুর', 'Jhenaidah', 'ঝিনাইদহ', 28),
('Shailkupa', 'শৈলকুপা', 'Jhenaidah', 'ঝিনাইদহ', 28),

-- ----------- Khulna--------------------- 
('Batiaghata', 'বটিয়াঘাটা', 'Khulna', 'খুলনা', 29),
('Dacope', 'ডাকপে', 'Khulna', 'খুলনা', 29),
('Dighalia', 'দিঘলিয়া', 'Khulna', 'খুলনা', 29),
('Dumuria', 'ডুমুরিয়া', 'Khulna', 'খুলনা', 29),
('Koira', 'কয়রা', 'Khulna', 'খুলনা', 29),
('Paikgacha', 'পাইকগাছা', 'Khulna', 'খুলনা', 29),
('Phultala', 'ফুলতলা', 'Khulna', 'খুলনা', 29),
('Rupsa', 'রূপসা', 'Khulna', 'খুলনা', 29),
('Terokhada', 'তেরখাদা', 'Khulna', 'খুলনা', 29),

-- -------------Kushtia----------------------
('Bheramara', 'ভেড়ামারা', 'Kushtia', 'কুষ্টিয়া', 30),
('Daulatpur', 'দৌলতপুর', 'Kushtia', 'কুষ্টিয়া', 30),
('Khoksha', 'খোকসা', 'Kushtia', 'কুষ্টিয়া', 30),
('Kumarkhali', 'কুমারখালী', 'Kushtia', 'কুষ্টিয়া', 30),
('Kushtia Sadar', 'কুষ্টিয়া সদর', 'Kushtia', 'কুষ্টিয়া', 30),
('Mirpur', 'মিরপুর', 'Kushtia', 'কুষ্টিয়া', 30),

-- -----------Magura--------------
('Magura Sadar', 'মাগুরা সদর', 'Magura', 'মাগুরা', 31),
('Mohammadpur', 'মোহাম্মদপুর', 'Magura', 'মাগুরা', 31),
('Salikha', 'শালিখা', 'Magura', 'মাগুরা', 31),
('Sreepur', 'শ্রীপুর', 'Magura', 'মাগুরা', 31),

-- -----------Meherpur----------------
('Gangni', 'গাংনী', 'Meherpur', 'মেহেরপুর', 32),
('Meherpur Sadar', 'মেহেরপুর সদর', 'Meherpur', 'মেহেরপুর', 32),
('Mujib Nagar', 'মুজিবনগর', 'Meherpur', 'মেহেরপুর', 32),

-- -----------Narail----------------
('Kalia', 'কালিয়া', 'Narail', 'নড়াইল', 33),
('Lohagara', 'লোহাগড়া', 'Narail', 'নড়াইল', 33),
('Narail Sadar', 'নড়াইল সদর', 'Narail', 'নড়াইল', 33),

-- ---------Satkhira------------------
('Assasuni', 'আশাশুনি', 'Satkhira', 'সাতক্ষীরা', 34),
('Debhata', 'দেবহাটা', 'Satkhira', 'সাতক্ষীরা', 34),
('Kalaroa', 'কলারোয়া', 'Satkhira', 'সাতক্ষীরা', 34),
('Kaliganj', 'কালিগঞ্জ', 'Satkhira', 'সাতক্ষীরা', 34),
('Satkhira Sadar', 'সাতক্ষীরা সদর', 'Satkhira', 'সাতক্ষীরা', 34),
('Shyamnagar', 'শ্যামনগর', 'Satkhira', 'সাতক্ষীরা', 34),
('Tala', 'তালা', 'Satkhira', 'সাতক্ষীরা', 34);



-- Adding upazilas with eng_district and ban_district
INSERT INTO upazilas (english, bangla, eng_district, ban_district, district_id) VALUES  

-- ------Barguna---------
('Amtali', 'আমতলী', 'Barguna', 'বরগুনা', 35),
('Bamna', 'বামনা', 'Barguna', 'বরগুনা', 35),
('Barguna Sadar', 'বরগুনা সদর', 'Barguna', 'বরগুনা', 35),
('Betagi', 'বেতাগী', 'Barguna', 'বরগুনা', 35),
('Patharghata', 'পাথরঘাটা', 'Barguna', 'বরগুনা', 35),
('Taltali', 'তালতলী', 'Barguna', 'বরগুনা', 35),

-- -------------Barishal-------------------
('Agailjhara', 'আগৈলঝাড়া', 'Barishal', 'বরিশাল', 36),
('Babuganj', 'বাবুগঞ্জ', 'Barishal', 'বরিশাল', 36),
('Bakerganj', 'বাকেরগঞ্জ', 'Barishal', 'বরিশাল', 36),
('Banaripara', 'বানারীপাড়া', 'Barishal', 'বরিশাল', 36),
('Barishal Sadar', 'বরিশাল সদর', 'Barishal', 'বরিশাল', 36),
('Gouranadi', 'গৌরনদী', 'Barishal', 'বরিশাল', 36),
('Hizla', 'হিজলা', 'Barishal', 'বরিশাল', 36),
('Mehendiganj', 'মেহেন্দিগঞ্জ', 'Barishal', 'বরিশাল', 36),
('Muladi', 'মুলাদী', 'Barishal', 'বরিশাল', 36),
('Uzirpur', 'উজিরপুর', 'Barishal', 'বরিশাল', 36),

-- -------------Bhola-------------------
('Bhola Sadar', 'ভোলা সদর', 'Bhola', 'ভোলা', 37),
('Borhanuddin', 'বোরহানউদ্দিন', 'Bhola', 'ভোলা', 37),
('Charfassion', 'চরফ্যাশন', 'Bhola', 'ভোলা', 37),
('Daulatkhan', 'দৌলতখান', 'Bhola', 'ভোলা', 37),
('Lalmohan', 'লালমোহন', 'Bhola', 'ভোলা', 37),
('Monpura', 'মনপুরা', 'Bhola', 'ভোলা', 37),
('Tazumuddin', 'তজুমদ্দিন', 'Bhola', 'ভোলা', 37),

-- -------------Jhalokathi-------------------
('Jhalokathi Sadar', 'ঝালকাঠি সদর', 'Jhalokathi', 'ঝালকাঠি', 38),
('Kathalia', 'কাঠালিয়া', 'Jhalokathi', 'ঝালকাঠি', 38),
('Nalchity', 'নলছিটি', 'Jhalokathi', 'ঝালকাঠি', 38),
('Rajapur', 'রাজাপুর', 'Jhalokathi', 'ঝালকাঠি', 38),

-- -------------Patuakhali-------------------
('Bauphal', 'বাউফল', 'Patuakhali', 'পটুয়াখালী', 39),
('Dashmina', 'দশমিনা', 'Patuakhali', 'পটুয়াখালী', 39),
('Dumki', 'ডুমকি', 'Patuakhali', 'পটুয়াখালী', 39),
('Galachipa', 'গলাচিপা', 'Patuakhali', 'পটুয়াখালী', 39),
('Kalapara', 'কলাপাড়া', 'Patuakhali', 'পটুয়াখালী', 39),
('Mirjaganj', 'মির্জাগঞ্জ', 'Patuakhali', 'পটুয়াখালী', 39),
('Patuakhali Sadar', 'পটুয়াখালী সদর', 'Patuakhali', 'পটুয়াখালী', 39),
('Rangabali', 'রাঙ্গাবালী', 'Patuakhali', 'পটুয়াখালী', 39),

-- -------------Pirojpur-------------------
('Bhandaria', 'ভান্ডারিয়া', 'Pirojpur', 'পিরোজপুর', 40),
('Kawkhali', 'কাউখালী', 'Pirojpur', 'পিরোজপুর', 40),
('Mothbaria', 'মঠবাড়িয়া', 'Pirojpur', 'পিরোজপুর', 40),
('Nazirpur', 'নাজিরপুর', 'Pirojpur', 'পিরোজপুর', 40),
('Nesarabad', 'নেছারাবাদ', 'Pirojpur', 'পিরোজপুর', 40),
('Pirojpur Sadar', 'পিরোজপুর সদর', 'Pirojpur', 'পিরোজপুর', 40),
('Zianagar', 'জিয়ানগর', 'Pirojpur', 'পিরোজপুর', 40);


-- Add upazilas with eng_district and ban_district
INSERT INTO upazilas (english, bangla, eng_district, ban_district, district_id) VALUES  

-- ----------Habiganj---------------
('Azmiriganj', 'আজমিরীগঞ্জ', 'Habiganj', 'হবিগঞ্জ', 41),
('Bahubal', 'বাহুবল', 'Habiganj', 'হবিগঞ্জ', 41),
('Baniachong', 'বানিয়াচং', 'Habiganj', 'হবিগঞ্জ', 41),
('Chunarughat', 'চুনারুঘাট', 'Habiganj', 'হবিগঞ্জ', 41),
('Habiganj Sadar', 'হবিগঞ্জ সদর', 'Habiganj', 'হবিগঞ্জ', 41),
('Lakhai', 'লাখাই', 'Habiganj', 'হবিগঞ্জ', 41),
('Madhabpur', 'মাধবপুর', 'Habiganj', 'হবিগঞ্জ', 41),
('Nabiganj', 'নবীগঞ্জ', 'Habiganj', 'হবিগঞ্জ', 41),
('Sayestaganj', 'শায়েস্তাগঞ্জ', 'Habiganj', 'হবিগঞ্জ', 41),

-- ---------------Moulvibazar-----------------
('Barlekha', 'বড়লেখা', 'Moulvibazar', 'মৌলভীবাজার', 42),
('Juri', 'জুড়ী', 'Moulvibazar', 'মৌলভীবাজার', 42),
('Kamalganj', 'কমলগঞ্জ', 'Moulvibazar', 'মৌলভীবাজার', 42),
('Kulaura', 'কুলাউড়া', 'Moulvibazar', 'মৌলভীবাজার', 42),
('Moulvibazar Sadar', 'মৌলভীবাজার সদর', 'Moulvibazar', 'মৌলভীবাজার', 42),
('Rajnagar', 'রাজনগর', 'Moulvibazar', 'মৌলভীবাজার', 42),
('Sreemangal', 'শ্রীমঙ্গল', 'Moulvibazar', 'মৌলভীবাজার', 42),

-- ------------- Sunamganj-------------------
('Biswamvarpur', 'বিশ্বম্ভরপুর', 'Sunamganj', 'সুনামগঞ্জ', 43),
('Chatak', 'ছাতক', 'Sunamganj', 'সুনামগঞ্জ', 43),
('Dakhin Sunamganj', 'দক্ষিণ সুনামগঞ্জ', 'Sunamganj', 'সুনামগঞ্জ', 43),
('Derai', 'দিরাই', 'Sunamganj', 'সুনামগঞ্জ', 43),
('Dharmapasha', 'ধর্মপাশা', 'Sunamganj', 'সুনামগঞ্জ', 43),
('Doarabazar', 'দোয়ারাবাজার', 'Sunamganj', 'সুনামগঞ্জ', 43),
('Jagannathpur', 'জগন্নাথপুর', 'Sunamganj', 'সুনামগঞ্জ', 43),
('Jamalganj', 'জামালগঞ্জ', 'Sunamganj', 'সুনামগঞ্জ', 43),
('Shantiganj', 'শান্তিগঞ্জ', 'Sunamganj', 'সুনামগঞ্জ', 43),
('Sulla', 'শাল্লা', 'Sunamganj', 'সুনামগঞ্জ', 43),
('Sunamganj Sadar', 'সুনামগঞ্জ সদর', 'Sunamganj', 'সুনামগঞ্জ', 43),
('Tahirpur', 'তাহিরপুর', 'Sunamganj', 'সুনামগঞ্জ', 43),

-- ------------Sylhet--------------------
('Balaganj', 'বালাগঞ্জ', 'Sylhet', 'সিলেট', 44),
('Beanibazar', 'বিয়ানীবাজার', 'Sylhet', 'সিলেট', 44),
('Biswanath', 'বিশ্বনাথ', 'Sylhet', 'সিলেট', 44),
('Companiganj', 'কোম্পানীগঞ্জ', 'Sylhet', 'সিলেট', 44),
('Dakshin Surma', 'দক্ষিণ সুরমা', 'Sylhet', 'সিলেট', 44),
('Fenchuganj', 'ফেঞ্চুগঞ্জ', 'Sylhet', 'সিলেট', 44),
('Golapganj', 'গোলাপগঞ্জ', 'Sylhet', 'সিলেট', 44),
('Gowainghat', 'গোয়াইনঘাট', 'Sylhet', 'সিলেট', 44),
('Jointiapur', 'জৈন্তাপুর', 'Sylhet', 'সিলেট', 44),
('Kanaighat', 'কানাইঘাট', 'Sylhet', 'সিলেট', 44),
('Osmaninagar', 'ওসমানীনগর', 'Sylhet', 'সিলেট', 44),
('Sylhet Sadar', 'সিলেট সদর', 'Sylhet', 'সিলেট', 44),
('Zakiganj', 'জকিগঞ্জ', 'Sylhet', 'সিলেট', 44);


INSERT INTO upazilas (english, bangla, eng_district, ban_district, district_id) VALUES  

-- Dinajpur
('Birampur', 'বিরামপুর', 'Dinajpur', 'দিনাজপুর', 45),
('Birganj', 'বীরগঞ্জ', 'Dinajpur', 'দিনাজপুর', 45),
('Birol', 'বিরল', 'Dinajpur', 'দিনাজপুর', 45),
('Bochaganj', 'বোচাগঞ্জ', 'Dinajpur', 'দিনাজপুর', 45),
('Chirirbandar', 'চিরিরবন্দর', 'Dinajpur', 'দিনাজপুর', 45),
('Dinajpur Sadar', 'দিনাজপুর সদর', 'Dinajpur', 'দিনাজপুর', 45),
('Fulbari', 'ফুলবাড়ী', 'Dinajpur', 'দিনাজপুর', 45),
('Ghoraghat', 'ঘোড়াঘাট', 'Dinajpur', 'দিনাজপুর', 45),
('Hakimpur', 'হাকিমপুর', 'Dinajpur', 'দিনাজপুর', 45),
('Kaharol', 'কাহারোল', 'Dinajpur', 'দিনাজপুর', 45),
('Khanshama', 'খানসামা', 'Dinajpur', 'দিনাজপুর', 45),
('Nawabganj', 'নবাবগঞ্জ', 'Dinajpur', 'দিনাজপুর', 45),
('Parbatipur', 'পার্বতীপুর', 'Dinajpur', 'দিনাজপুর', 45),

-- Gaibandha
('Fulchari', 'ফুলছড়ি', 'Gaibandha', 'গাইবান্ধা', 46),
('Gaibandha Sadar', 'গাইবান্ধা সদর', 'Gaibandha', 'গাইবান্ধা', 46),
('Gobindaganj', 'গোবিন্দগঞ্জ', 'Gaibandha', 'গাইবান্ধা', 46),
('Palashbari', 'পলাশবাড়ী', 'Gaibandha', 'গাইবান্ধা', 46),
('Sadullapur', 'সাদুল্লাপুর', 'Gaibandha', 'গাইবান্ধা', 46),
('Saghata', 'সাঘাটা', 'Gaibandha', 'গাইবান্ধা', 46),
('Sundarganj', 'সুন্দরগঞ্জ', 'Gaibandha', 'গাইবান্ধা', 46),

-- Kurigram
('Bhurungamari', 'ভুরুঙ্গামারী', 'Kurigram', 'কুড়িগ্রাম', 47),
('Chilmari', 'চিলমারী', 'Kurigram', 'কুড়িগ্রাম', 47),
('Fulbari', 'ফুলবাড়ী', 'Kurigram', 'কুড়িগ্রাম', 47),
('Kurigram Sadar', 'কুড়িগ্রাম সদর', 'Kurigram', 'কুড়িগ্রাম', 47),
('Nageswari', 'নাগেশ্বরী', 'Kurigram', 'কুড়িগ্রাম', 47),
('Rajarhat', 'রাজারহাট', 'Kurigram', 'কুড়িগ্রাম', 47),
('Rajibpur', 'রাজীবপুর', 'Kurigram', 'কুড়িগ্রাম', 47),
('Rowmari', 'রৌমারী', 'Kurigram', 'কুড়িগ্রাম', 47),
('Ulipur', 'উলিপুর', 'Kurigram', 'কুড়িগ্রাম', 47),

-- Lalmonirhat
('Aditmari', 'আদিতমারী', 'Lalmonirhat', 'লালমনিরহাট', 48),
('Hatibandha', 'হাতীবান্ধা', 'Lalmonirhat', 'লালমনিরহাট', 48),
('Kaliganj', 'কালীগঞ্জ', 'Lalmonirhat', 'লালমনিরহাট', 48),
('Lalmonirhat Sadar', 'লালমনিরহাট সদর', 'Lalmonirhat', 'লালমনিরহাট', 48),
('Patgram', 'পাটগ্রাম', 'Lalmonirhat', 'লালমনিরহাট', 48),

-- Nilphamari
('Dimla', 'ডিমলা', 'Nilphamari', 'নীলফামারী', 49),
('Domar', 'ডোমার', 'Nilphamari', 'নীলফামারী', 49),
('Jaldhaka', 'জলঢাকা', 'Nilphamari', 'নীলফামারী', 49),
('Kishoreganj', 'কিশোরগঞ্জ', 'Nilphamari', 'নীলফামারী', 49),
('Nilphamari Sadar', 'নীলফামারী সদর', 'Nilphamari', 'নীলফামারী', 49),
('Sayedpur', 'সৈয়দপুর', 'Nilphamari', 'নীলফামারী', 49),

-- Panchagarh
('Atwari', 'আটোয়ারী', 'Panchagarh', 'পঞ্চগড়', 50),
('Boda', 'বোদা', 'Panchagarh', 'পঞ্চগড়', 50),
('Debiganj', 'দেবীগঞ্জ', 'Panchagarh', 'পঞ্চগড়', 50),
('Panchagarh Sadar', 'পঞ্চগড় সদর', 'Panchagarh', 'পঞ্চগড়', 50),
('Tetulia', 'তেতুলিয়া', 'Panchagarh', 'পঞ্চগড়', 50),

-- Rangpur
('Badarganj', 'বদরগঞ্জ', 'Rangpur', 'রংপুর', 51),
('Gangachara', 'গংগাচড়া', 'Rangpur', 'রংপুর', 51),
('Kaunia', 'কাউনিয়া', 'Rangpur', 'রংপুর', 51),
('Mithapukur', 'মিঠাপুকুর', 'Rangpur', 'রংপুর', 51),
('Pirgacha', 'পীরগাছা', 'Rangpur', 'রংপুর', 51),
('Pirganj', 'পীরগঞ্জ', 'Rangpur', 'রংপুর', 51),
('Rangpur Sadar', 'রংপুর সদর', 'Rangpur', 'রংপুর', 51),
('Taraganj', 'তারাগঞ্জ', 'Rangpur', 'রংপুর', 51),

-- Thakurgaon
('Baliadangi', 'বালিয়াডাঙ্গী', 'Thakurgaon', 'ঠাকুরগাঁও', 52),
('Haripur', 'হরিপুর', 'Thakurgaon', 'ঠাকুরগাঁও', 52),
('Pirganj', 'পীরগঞ্জ', 'Thakurgaon', 'ঠাকুরগাঁও', 52),
('Ranisankail', 'রাণীশংকৈল', 'Thakurgaon', 'ঠাকুরগাঁও', 52),
('Thakurgaon Sadar', 'ঠাকুরগাঁও সদর', 'Thakurgaon', 'ঠাকুরগাঁও', 52);



-- Upazilas
INSERT INTO upazilas (english, bangla, eng_district, ban_district, district_id) VALUES   

-- Bogura
('Adamdighi', 'আদমদিঘি', 'Bogura', 'বগুড়া', 53),
('Bogura Sadar', 'বগুড়া সদর', 'Bogura', 'বগুড়া', 53),
('Dhunot', 'ধুনট', 'Bogura', 'বগুড়া', 53),
('Dhupchancia', 'দুপচাঁচিয়া', 'Bogura', 'বগুড়া', 53),
('Gabtali', 'গাবতলী', 'Bogura', 'বগুড়া', 53),
('Kahaloo', 'কাহালু', 'Bogura', 'বগুড়া', 53),
('Nandigram', 'নন্দিগ্রাম', 'Bogura', 'বগুড়া', 53),
('Sariakandi', 'সারিয়াকান্দি', 'Bogura', 'বগুড়া', 53),
('Shajahanpur', 'শাজাহানপুর', 'Bogura', 'বগুড়া', 53),
('Sherpur', 'শেরপুর', 'Bogura', 'বগুড়া', 53),
('Shibganj', 'শিবগঞ্জ', 'Bogura', 'বগুড়া', 53),
('Sonatala', 'সোনাতলা', 'Bogura', 'বগুড়া', 53), 

-- Chapainawabganj
('Bholahat', 'ভোলাহাট', 'Chapainawabganj', 'চাঁপাইনবাবগঞ্জ', 54),
('Chapainawabganj Sadar', 'চাঁপাইনবাবগঞ্জ সদর', 'Chapainawabganj', 'চাঁপাইনবাবগঞ্জ', 54),
('Gomostapur', 'গোমস্তাপুর', 'Chapainawabganj', 'চাঁপাইনবাবগঞ্জ', 54),
('Nachol', 'নাচোল', 'Chapainawabganj', 'চাঁপাইনবাবগঞ্জ', 54),
('Shibganj', 'শিবগঞ্জ', 'Chapainawabganj', 'চাঁপাইনবাবগঞ্জ', 54),

-- Joypurhat
('Akkelpur', 'আক্কেলপুর', 'Joypurhat', 'জয়পুরহাট', 55),
('Joypurhat Sadar', 'জয়পুরহাট সদর', 'Joypurhat', 'জয়পুরহাট', 55),
('Kalai', 'কালাই', 'Joypurhat', 'জয়পুরহাট', 55),
('Khetlal', 'ক্ষেতলাল', 'Joypurhat', 'জয়পুরহাট', 55),
('Panchbibi', 'পাঁচবিবি', 'Joypurhat', 'জয়পুরহাট', 55),

-- Naogaon
('Atrai', 'আত্রাই', 'Naogaon', 'নওগাঁ', 56),
('Badalgachi', 'বদলগাছী', 'Naogaon', 'নওগাঁ', 56),
('Dhamoirhat', 'ধামইরহাট', 'Naogaon', 'নওগাঁ', 56),
('Manda', 'মান্দা', 'Naogaon', 'নওগাঁ', 56),
('Mohadevpur', 'মহাদেবপুর', 'Naogaon', 'নওগাঁ', 56),
('Naogaon Sadar', 'নওগাঁ সদর', 'Naogaon', 'নওগাঁ', 56),
('Niamatpur', 'নিয়ামতপুর', 'Naogaon', 'নওগাঁ', 56),
('Patnitala', 'পত্নীতলা', 'Naogaon', 'নওগাঁ', 56),
('Porsha', 'পোরশা', 'Naogaon', 'নওগাঁ', 56),
('Raninagar', 'রাণীনগর', 'Naogaon', 'নওগাঁ', 56),
('Shapahar', 'সাপাহার', 'Naogaon', 'নওগাঁ', 56),

-- Natore
('Bagatipara', 'বাগাতিপাড়া', 'Natore', 'নাটোর', 57),
('Baraigram', 'বড়াইগ্রাম', 'Natore', 'নাটোর', 57),
('Gurudaspur', 'গুরুদাসপুর', 'Natore', 'নাটোর', 57),
('Lalpur', 'লালপুর', 'Natore', 'নাটোর', 57),
('Naldanga', 'নলডাঙ্গা', 'Natore', 'নাটোর', 57),
('Natore Sadar', 'নাটোর সদর', 'Natore', 'নাটোর', 57),
('Singra', 'সিংড়া', 'Natore', 'নাটোর', 57), 

-- Pabna
('Atghoria', 'আটঘরিয়া', 'Pabna', 'পাবনা', 58),
('Bera', 'বেড়া', 'Pabna', 'পাবনা', 58),
('Bhangura', 'ভাঙ্গুড়া', 'Pabna', 'পাবনা', 58),
('Chatmohar', 'চাটমোহর', 'Pabna', 'পাবনা', 58),
('Faridpur', 'ফরিদপুর', 'Pabna', 'পাবনা', 58),
('Ishwardi', 'ঈশ্বরদী', 'Pabna', 'পাবনা', 58),
('Pabna Sadar', 'পাবনা সদর', 'Pabna', 'পাবনা', 58),
('Santhia', 'সাঁথিয়া', 'Pabna', 'পাবনা', 58),
('Sujanagar', 'সুজানগর', 'Pabna', 'পাবনা', 58), 

-- Rajshahi
('Bagha', 'বাঘা', 'Rajshahi', 'রাজশাহী', 59),
('Bagmara', 'বাগমারা', 'Rajshahi', 'রাজশাহী', 59),
('Charghat', 'চারঘাট', 'Rajshahi', 'রাজশাহী', 59),
('Durgapur', 'দুর্গাপুর', 'Rajshahi', 'রাজশাহী', 59),
('Godagari', 'গোদাগাড়ী', 'Rajshahi', 'রাজশাহী', 59),
('Mohanpur', 'মোহনপুর', 'Rajshahi', 'রাজশাহী', 59),
('Paba', 'পবা', 'Rajshahi', 'রাজশাহী', 59),
('Puthia', 'পুঠিয়া', 'Rajshahi', 'রাজশাহী', 59),
('Tanore', 'তানোর', 'Rajshahi', 'রাজশাহী', 59), 

-- Sirajganj
('Belkuchi', 'বেলকুচি', 'Sirajganj', 'সিরাজগঞ্জ', 60),
('Chowhali', 'চৌহালী', 'Sirajganj', 'সিরাজগঞ্জ', 60),
('Kamarkhand', 'কামারখন্দ', 'Sirajganj', 'সিরাজগঞ্জ', 60),
('Kazipur', 'কাজীপুর', 'Sirajganj', 'সিরাজগঞ্জ', 60),
('Raiganj', 'রায়গঞ্জ', 'Sirajganj', 'সিরাজগঞ্জ', 60),
('Shahzadpur', 'শাহজাদপুর', 'Sirajganj', 'সিরাজগঞ্জ', 60),
('Sirajganj Sadar', 'সিরাজগঞ্জ সদর', 'Sirajganj', 'সিরাজগঞ্জ', 60),
('Tarash', 'তাড়াশ', 'Sirajganj', 'সিরাজগঞ্জ', 60),
('Ullapara', 'উল্লাপাড়া', 'Sirajganj', 'সিরাজগঞ্জ', 60);


-- Upazilas
INSERT INTO upazilas (english, bangla, eng_district, ban_district, district_id) VALUES    

-- Jamalpur
('Bakshiganj', 'বকশীগঞ্জ', 'Jamalpur', 'জামালপুর', 61),
('Dewanganj', 'দেওয়ানগঞ্জ', 'Jamalpur', 'জামালপুর', 61),
('Islampur', 'ইসলামপুর', 'Jamalpur', 'জামালপুর', 61),
('Jamalpur Sadar', 'জামালপুর সদর', 'Jamalpur', 'জামালপুর', 61),
('Madarganj', 'মাদারগঞ্জ', 'Jamalpur', 'জামালপুর', 61), 
('Melendah', 'মেলান্দহ', 'Jamalpur', 'জামালপুর', 61), 
('Sarishabari', 'সরিষাবাড়ী', 'Jamalpur', 'জামালপুর', 61),

-- Mymensingh
('Bhaluka', 'ভালুকা', 'Mymensingh', 'ময়মনসিংহ', 62),
('Dhobaura', 'ধোবাউড়া', 'Mymensingh', 'ময়মনসিংহ', 62),
('Fulbaria', 'ফুলবাড়িয়া', 'Mymensingh', 'ময়মনসিংহ', 62),
('Gaffargaon', 'গফরগাঁও', 'Mymensingh', 'ময়মনসিংহ', 62),
('Gouripur', 'গৌরীপুর', 'Mymensingh', 'ময়মনসিংহ', 62),
('Haluaghat', 'হালুয়াঘাট', 'Mymensingh', 'ময়মনসিংহ', 62),
('Ishwarganj', 'ঈশ্বরগঞ্জ', 'Mymensingh', 'ময়মনসিংহ', 62),
('Muktagacha', 'মুক্তাগাছা', 'Mymensingh', 'ময়মনসিংহ', 62),
('Mymensingh Sadar', 'ময়মনসিংহ সদর', 'Mymensingh', 'ময়মনসিংহ', 62),
('Nandail', 'নান্দাইল', 'Mymensingh', 'ময়মনসিংহ', 62),
('Phulpur', 'ফুলপুর', 'Mymensingh', 'ময়মনসিংহ', 62),
('Tarakanda', 'তারাকান্দা', 'Mymensingh', 'ময়মনসিংহ', 62),
('Trishal', 'ত্রিশাল', 'Mymensingh', 'ময়মনসিংহ', 62),

-- Netrokona
('Atpara', 'আটপাড়া', 'Netrokona', 'নেত্রকোণা', 63),
('Barhatta', 'বরহাট্টা', 'Netrokona', 'নেত্রকোণা', 63),
('Durgapur', 'দুর্গাপুর', 'Netrokona', 'নেত্রকোণা', 63),
('Kalmakanda', 'কলমাকান্দা', 'Netrokona', 'নেত্রকোণা', 63),
('Kendua', 'কেন্দুয়া', 'Netrokona', 'নেত্রকোণা', 63),
('Khaliajuri', 'খালিয়াজুরি', 'Netrokona', 'নেত্রকোণা', 63),
('Madan', 'মদন', 'Netrokona', 'নেত্রকোণা', 63),
('Mohanganj', 'মোহনগঞ্জ', 'Netrokona', 'নেত্রকোণা', 63),
('Netrokona Sadar', 'নেত্রকোণা সদর', 'Netrokona', 'নেত্রকোণা', 63),
('Purbadhala', 'পূর্বধলা', 'Netrokona', 'নেত্রকোণা', 63),

-- Sherpur
('Jhenaigati', 'ঝিনাইগাতী', 'Sherpur', 'শেরপুর', 64),
('Nakla', 'নকলা', 'Sherpur', 'শেরপুর', 64),
('Nalitabari', 'নালিতাবাড়ী', 'Sherpur', 'শেরপুর', 64),
('Sherpur Sadar', 'শেরপুর সদর', 'Sherpur', 'শেরপুর', 64),
('Sreebordi', 'শ্রীবরদী', 'Sherpur', 'শেরপুর', 64);
